Date,AAPL,AMGN,AMZN,GOOG,META,MSFT,REGN,TSLA
2019-01-02,37.57520294189453,155.9321746826172,76.95649719238281,51.98350143432617,134.939697265625,94.78968811035156,370.8501892089844,20.674667358398438
2019-01-03,33.83244323730469,153.5594940185547,75.01399993896484,50.502803802490234,131.02120971679688,91.30256652832031,370.49169921875,20.02400016784668
2019-01-04,35.2767219543457,158.8086700439453,78.76950073242188,53.219154357910156,137.19732666015625,95.5489730834961,395.85296630859375,21.179332733154297
2019-01-07,35.19820785522461,160.94580078125,81.47550201416016,53.10383987426758,137.29678344726562,95.67083740234375,394.93695068359375,22.33066749572754
2019-01-08,35.86920166015625,163.00970458984375,82.8290023803711,53.49601364135742,141.75233459472656,96.36451721191406,395.5642395019531,22.356666564941406
2019-01-09,36.478309631347656,162.81468200683594,82.97100067138672,53.415489196777344,143.44305419921875,97.74248504638672,397.8742980957031,22.568666458129883
2019-01-10,36.59490203857422,164.69168090820312,82.81099700927734,53.20026397705078,143.4132080078125,97.11442565917969,406.318115234375,22.99799919128418
2019-01-11,36.23561096191406,162.9690399169922,82.02799987792969,52.54715347290039,143.01539611816406,96.36451721191406,406.8857421875,23.150667190551758
2019-01-14,35.69074249267578,159.89756774902344,80.8604965209961,51.925846099853516,144.59674072265625,95.66146850585938,399.0194396972656,22.293333053588867
2019-01-15,36.421207427978516,162.01023864746094,83.72799682617188,53.53925323486328,148.13731384277344,98.43616485595703,403.2911071777344,22.961999893188477
2019-01-16,36.86616134643555,161.61204528808594,84.18900299072266,53.7291259765625,146.73500061035156,98.7829818725586,402.8131408691406,23.06999969482422
2019-01-17,37.08506393432617,164.07411193847656,84.66100311279297,54.17298126220703,147.49085998535156,99.47666931152344,415.5983581542969,23.15399932861328
2019-01-18,37.31348419189453,165.66677856445312,84.80999755859375,54.5885124206543,149.2213592529297,100.96713256835938,417.0520935058594,20.150667190551758
2019-01-22,36.47593688964844,164.1229248046875,81.6084976196289,53.209712982177734,146.76483154296875,99.06422424316406,403.0222473144531,19.92799949645996
2019-01-23,36.62344741821289,163.7816162109375,82.0009994506836,53.460723876953125,143.51268005371094,100.02972412109375,399.49737548828125,19.172666549682617
2019-01-24,36.33317947387695,163.30223083496094,82.74649810791016,53.37771224975586,145.03431701660156,99.5516586303711,406.1886901855469,19.43400001525879
2019-01-25,37.53713607788086,161.51458740234375,83.52850341796875,54.2271614074707,148.19699096679688,100.46092987060547,416.5044860839844,19.80266761779785
2019-01-28,37.18975830078125,155.9728546142578,81.89450073242188,53.187843322753906,146.66539001464844,98.50177764892578,412.1830139160156,19.7586669921875
2019-01-29,36.804290771484375,156.10284423828125,79.69400024414062,52.71763610839844,143.40328979492188,96.4957504272461,415.36932373046875,19.83066749572754
2019-01-30,39.31929016113281,150.2117156982422,83.52149963378906,54.1312370300293,149.59927368164062,99.72039794921875,418.1175537109375,20.584667205810547
2019-01-31,39.602447509765625,152.04000854492188,85.9365005493164,55.488670349121094,165.78050231933594,97.8924789428711,427.4375915527344,20.468000411987305
2019-02-01,39.62147903442383,152.00746154785156,81.3115005493164,55.20932388305664,164.8058624267578,96.34575653076172,428.3138122558594,20.81399917602539
2019-02-04,40.746925354003906,151.28431701660156,81.66549682617188,56.30531311035156,168.32655334472656,99.12044525146484,423.5841064453125,20.859333038330078
2019-02-05,41.44408416748047,153.01507568359375,82.94049835205078,56.96091842651367,170.22613525390625,100.50782775878906,419.24273681640625,21.42333221435547
2019-02-06,41.4583625793457,155.00588989257812,82.01300048828125,55.432003021240234,169.55978393554688,99.39231872558594,404.82452392578125,21.148000717163086
2019-02-07,40.67316818237305,149.69981384277344,80.71849822998047,54.61088943481445,165.47222900390625,98.67988586425781,404.7249755859375,20.500667572021484
2019-02-08,40.720951080322266,151.1380157470703,79.41100311279297,54.42946243286133,166.41702270507812,99.05485534667969,405.12322998046875,20.386667251586914
2019-02-11,40.48676681518555,150.96739196777344,79.55000305175781,54.42697525024414,164.88543701171875,98.66112518310547,406.7662048339844,20.856000900268555
2019-02-12,40.835655212402344,153.11257934570312,81.90049743652344,55.73719024658203,164.13951110839844,100.19847106933594,414.5627746582031,20.78733253479004
2019-02-13,40.665992736816406,153.5594940185547,82.0,55.67704391479492,163.17483520507812,100.12346649169922,410.3309020996094,20.544666290283203
2019-02-14,40.814151763916016,152.86343383789062,81.13249969482422,55.752098083496094,163.05548095703125,100.20785522460938,413.1986389160156,20.251333236694336
2019-02-15,40.72334671020508,154.22274780273438,80.39749908447266,55.35346984863281,161.61338806152344,101.4452133178711,422.16021728515625,20.525333404541016
2019-02-19,40.84519958496094,153.10096740722656,81.37899780273438,55.59751892089844,161.40451049804688,101.3983383178711,418.80462646484375,20.375999450683594
2019-02-20,41.108070373535156,153.0600128173828,81.1050033569336,55.36092758178711,161.67303466796875,100.87115478515625,420.70648193359375,20.17066764831543
2019-02-21,40.87628173828125,151.89723205566406,80.97200012207031,54.52439498901367,159.16680908203125,102.99874114990234,416.83306884765625,19.415332794189453
2019-02-22,41.33268356323242,153.5349578857422,81.5780029296875,55.1904411315918,161.0067138671875,104.46730041503906,420.71636962890625,19.6473331451416
2019-02-25,41.6337776184082,155.4264678955078,81.6500015258789,55.14223098754883,163.72181701660156,105.05097961425781,418.5855712890625,19.917999267578125
2019-02-26,41.65766906738281,155.64756774902344,81.81999969482422,55.427032470703125,163.23448181152344,105.77584838867188,424.3309020996094,19.857332229614258
2019-02-27,41.78670883178711,156.74478149414062,82.05449676513672,55.47275924682617,161.92169189453125,105.59698486328125,431.4802551269531,20.982667922973633
2019-02-28,41.375694274902344,155.64756774902344,81.99150085449219,55.66511917114258,160.56910705566406,105.4651870727539,428.9013366699219,21.325332641601562
2019-03-01,41.81060791015625,156.53195190429688,83.58650207519531,56.7123908996582,161.39459228515625,105.93589782714844,437.6936340332031,19.652666091918945
2019-03-04,42.02088928222656,155.40191650390625,84.80850219726562,57.050880432128906,166.456787109375,105.68171691894531,431.9781188964844,19.02400016784668
2019-03-05,41.944419860839844,154.6158447265625,84.62149810791016,57.7581787109375,170.32557678222656,105.1545181274414,435.2640686035156,18.43600082397461
2019-03-06,41.703086853027344,149.972900390625,83.44750213623047,57.55091094970703,171.5687713623047,105.20160675048828,421.88140869140625,18.416000366210938
2019-03-07,41.22038269042969,148.58909606933594,81.29750061035156,56.827213287353516,168.2071990966797,103.9212875366211,407.8316345214844,18.439332962036133
2019-03-08,41.318363189697266,148.10594177246094,81.04000091552734,56.778499603271484,168.6746368408203,104.03423309326172,400.9212951660156,18.94266700744629
2019-03-11,42.74970626831055,150.7835693359375,83.53099822998047,58.44062042236328,171.1311798095703,106.21832275390625,410.29107666015625,19.39466667175293
2019-03-12,43.23002243041992,150.81629943847656,83.65499877929688,59.307464599609375,170.9819793701172,106.96202850341797,415.83734130859375,18.890666961669922
2019-03-13,43.42117691040039,153.41212463378906,84.54049682617188,59.31343078613281,172.42405700683594,107.79045867919922,407.26409912109375,19.263999938964844
2019-03-14,43.90388870239258,153.74781799316406,84.31099700927734,58.92722702026367,169.2415313720703,107.87517547607422,405.7605285644531,19.33066749572754
2019-03-15,44.47500228881836,156.59742736816406,85.61799621582031,58.873046875,165.07440185546875,109.11784362792969,412.7007751464844,18.36199951171875
2019-03-18,44.92903137207031,156.65478515625,87.10749816894531,58.86310958862305,159.59445190429688,110.6805648803711,405.860107421875,17.965999603271484
2019-03-19,44.572959899902344,156.8021697998047,88.09249877929688,59.588294982910156,160.68844604492188,110.75587463378906,405.252685546875,17.83133316040039
2019-03-20,44.96247863769531,156.49917602539062,89.8635025024414,60.83687973022461,164.53733825683594,110.63349151611328,403.7690734863281,18.239999771118164
2019-03-21,46.61845779418945,157.12966918945312,90.96299743652344,61.21314239501953,165.17385864257812,113.17528533935547,400.8714904785156,18.26799964904785
2019-03-22,45.65305709838867,152.8798370361328,88.2385025024414,59.91883087158203,163.4433135986328,110.1910400390625,390.12750244140625,17.635332107543945
2019-03-25,45.10106658935547,152.78977966308594,88.71299743652344,59.29752731323242,165.38270568847656,110.76529693603516,393.31390380859375,17.3613338470459
2019-03-26,44.635101318359375,154.16543579101562,89.18800354003906,58.88100051879883,166.76510620117188,111.00064849853516,403.8885498046875,17.851333618164062
2019-03-27,45.03655242919922,152.56869506835938,88.28500366210938,58.3044319152832,164.96499633789062,109.92742156982422,401.1502685546875,18.32200050354004
2019-03-28,45.09629440307617,153.65777587890625,88.6709976196289,58.07926940917969,164.64675903320312,110.07805633544922,403.1018981933594,18.57466697692871
2019-03-29,45.390201568603516,155.56568908691406,89.0374984741211,58.318843841552734,165.78050231933594,111.02889251708984,408.8671875,18.657333374023438
2019-04-01,45.698463439941406,157.03143310546875,90.70950317382812,59.36860656738281,167.77955627441406,112.04558563232422,408.29962158203125,19.278667449951172
2019-04-02,46.362770080566406,157.57183837890625,90.6989974975586,59.66981506347656,173.24954223632812,112.20562744140625,413.04925537109375,19.058666229248047
2019-04-03,46.68059158325195,157.97312927246094,91.03500366210938,59.9397087097168,172.59312438964844,112.93992614746094,405.26263427734375,19.45400047302246
2019-04-04,46.7618408203125,157.49000549316406,90.94300079345703,60.39102554321289,175.05963134765625,112.36566925048828,404.794677734375,17.851999282836914
2019-04-05,47.074867248535156,160.01205444335938,91.86399841308594,60.0008430480957,174.76126098632812,112.86459350585938,407.19439697265625,18.33066749572754
2019-04-08,47.815643310546875,159.5780792236328,92.49299621582031,59.83632278442383,173.97555541992188,112.90225982666016,399.54718017578125,18.213333129882812
2019-04-09,47.67226791381836,158.02223205566406,91.79199981689453,59.50876998901367,176.61109924316406,112.29032897949219,394.0407409667969,18.15399932861328
2019-04-10,47.93989944458008,158.7673797607422,92.36650085449219,59.75282287597656,176.84979248046875,113.14704132080078,406.4873962402344,18.40399932861328
2019-04-11,47.540836334228516,157.30984497070312,92.20349884033203,59.87509536743164,176.54148864746094,113.27880859375,391.8003845214844,17.89466667175293
2019-04-12,47.52172088623047,156.74478149414062,92.15299987792969,60.5336799621582,178.122802734375,113.86250305175781,381.30535888671875,17.84666633605957
2019-04-15,47.607757568359375,156.56466674804688,92.24349975585938,60.6942253112793,178.6697998046875,113.95661926269531,373.8971252441406,17.7586669921875
2019-04-16,47.61252212524414,153.9853057861328,93.1520004272461,60.99393844604492,177.89407348632812,113.69304656982422,366.1204833984375,18.224000930786133
2019-04-17,48.53969192504883,149.41612243652344,93.24099731445312,61.451725006103516,177.80455017089844,114.63443756103516,341.5060119628906,18.082000732421875
2019-04-18,48.71412658691406,145.32183837890625,93.08450317382812,61.45321273803711,177.3072967529297,116.14069366455078,331.9170837402344,18.21733283996582
2019-04-22,48.874229431152344,144.41293334960938,94.3655014038086,62.07303237915039,180.45005798339844,116.50784301757812,332.6041259765625,17.516666412353516
2019-04-23,49.579158782958984,147.19699096679688,96.1884994506836,62.853885650634766,182.77728271484375,118.08940124511719,342.6710205078125,17.593332290649414
2019-04-24,49.502689361572266,146.0015106201172,95.0875015258789,62.428916931152344,181.58383178710938,117.6845932006836,339.0066833496094,17.243999481201172
2019-04-25,49.05344772338867,147.78656005859375,95.11250305175781,62.79920959472656,192.20555114746094,121.58198547363281,348.4960021972656,16.5086669921875
2019-04-26,48.819271087646484,148.59727478027344,97.53150177001953,63.233131408691406,190.4451904296875,122.27862548828125,342.19305419921875,15.675999641418457
2019-04-29,48.89333724975586,148.3516082763672,96.92150115966797,63.99858474731445,193.71726989746094,122.16565704345703,342.6809387207031,16.097999572753906
2019-04-30,47.95184326171875,146.8367156982422,96.32599639892578,59.0728645324707,192.3447723388672,122.94703674316406,341.67523193359375,15.912667274475098
2019-05-01,50.30558395385742,144.2327880859375,95.57599639892578,58.05888748168945,191.97679138183594,120.38642120361328,339.3352966308594,15.600666999816895
2019-05-02,49.97821807861328,144.52755737304688,95.04100036621094,57.78700637817383,191.47952270507812,118.81426239013672,333.978271484375,16.273332595825195
2019-05-03,50.59951400756836,145.19081115722656,98.12300109863281,58.91977310180664,194.4034881591797,121.34664916992188,335.4519348144531,17.00200080871582
2019-05-06,49.818119049072266,144.98609924316406,97.52749633789062,59.11809539794922,192.82217407226562,120.64057159423828,342.7606201171875,17.022666931152344
2019-05-07,48.47516632080078,142.37396240234375,96.05000305175781,58.35811233520508,188.73460388183594,118.16471099853516,321.0237731933594,16.470666885375977
2019-05-08,48.48472213745117,140.96554565429688,95.88849639892578,57.96892547607422,188.505859375,118.15528106689453,327.5956115722656,16.32266616821289
2019-05-09,47.96379089355469,141.5551300048828,94.99349975585938,57.775577545166016,187.6206817626953,118.14586639404297,322.7862243652344,16.131999969482422
2019-05-10,47.29933166503906,140.71990966796875,94.4990005493164,57.86951446533203,187.31239318847656,119.68033599853516,311.5245056152344,15.968000411987305
2019-05-13,44.55031967163086,137.23974609375,91.13400268554688,56.26704025268555,180.54949951171875,116.12185668945312,303.847412109375,15.133999824523926
2019-05-14,45.255558013916016,137.41172790527344,92.00599670410156,55.69096755981445,179.74391174316406,117.42100524902344,303.3196716308594,15.487333297729492
2019-05-15,45.797691345214844,139.0985870361328,93.55750274658203,57.86653137207031,185.25367736816406,119.07453155517578,304.54443359375,15.463333129882812
2019-05-16,45.596187591552734,140.33741760253906,95.37850189208984,58.600669860839844,185.96975708007812,121.82415008544922,306.72509765625,15.222000122070312
2019-05-17,45.337127685546875,140.32916259765625,93.44999694824219,57.77159881591797,184.28897094726562,121.01156616210938,303.6383056640625,14.0686674118042
2019-05-20,43.919437408447266,139.07374572753906,92.94850158691406,56.60602569580078,181.72303771972656,119.26354217529297,301.2784423828125,13.690667152404785
2019-05-21,44.76141357421875,140.14744567871094,92.8759994506836,57.14183807373047,183.8115997314453,119.90604400634766,308.626953125,13.67199993133545
2019-05-22,43.84507751464844,141.47714233398438,92.98400115966797,57.23080825805664,184.30885314941406,120.63359832763672,318.7236633300781,12.84866714477539
2019-05-23,43.09665298461914,142.14613342285156,90.77400207519531,56.70145797729492,179.88314819335938,119.22574615478516,313.91424560546875,13.03266716003418
2019-05-24,42.93113708496094,141.46063232421875,91.16400146484375,56.33861541748047,180.07211303710938,119.28240203857422,311.2257995605469,12.708666801452637
2019-05-28,42.75362777709961,139.45370483398438,91.82150268554688,56.37241744995117,183.30438232421875,119.20684051513672,306.61553955078125,12.579999923706055
2019-05-29,42.54972839355469,139.72621154785156,90.95950317382812,55.49313735961914,181.19595336914062,118.05408477783203,306.4662170410156,12.657333374023438
2019-05-30,42.77042007446289,139.61058044433594,90.81600189208984,55.567195892333984,182.011474609375,118.80052947998047,306.64544677734375,12.54800033569336
2019-05-31,41.995601654052734,137.6780242919922,88.75350189208984,54.855430603027344,176.501708984375,116.86351013183594,300.4320373535156,12.343999862670898
2019-06-03,41.57101058959961,142.3525848388672,84.6344985961914,51.50534439086914,163.25436401367188,113.2351303100586,302.652587890625,11.9313325881958
2019-06-04,43.091854095458984,144.31002807617188,86.47799682617188,52.341373443603516,166.5861053466797,116.37217712402344,300.7705993652344,12.90666675567627
2019-06-05,43.78750228881836,144.16131591796875,86.92500305175781,51.803077697753906,167.25242614746094,118.89503479003906,298.7193908691406,13.105999946594238
2019-06-06,44.43037796020508,144.07875061035156,87.71800231933594,51.908443450927734,167.41156005859375,120.77534484863281,298.32110595703125,13.729999542236328
2019-06-07,45.61297607421875,144.9542236328125,90.20149993896484,52.987037658691406,172.4041748046875,124.15804290771484,305.4107360839844,13.633333206176758
2019-06-10,46.195892333984375,145.0120086669922,93.03150177001953,53.69980239868164,173.8661651611328,125.29190826416016,302.9512634277344,14.192000389099121
2019-06-11,46.73080825805664,144.21913146972656,93.18499755859375,53.61729049682617,177.12826538085938,124.81944274902344,305.53021240234375,14.473333358764648
2019-06-12,46.58208465576172,145.02853393554688,92.76599884033203,53.53329086303711,174.0849609375,124.24309539794922,304.8531188964844,13.950667381286621
2019-06-13,46.57249450683594,145.94525146484375,93.51499938964844,54.1168212890625,176.501708984375,125.02730560302734,306.10772705078125,14.260666847229004
2019-06-14,46.23426818847656,145.4249725341797,93.4834976196289,53.946834564208984,180.34063720703125,125.150146484375,303.9370422363281,14.32800006866455
2019-06-17,46.510135650634766,147.33279418945312,94.30149841308594,54.30221939086914,187.97872924804688,125.52811431884766,309.6525573730469,15.001999855041504
2019-06-18,47.60396957397461,149.9921875,95.06849670410156,54.85393524169922,187.4416961669922,127.7108154296875,305.32110595703125,14.982666969299316
2019-06-19,47.464847564697266,150.95028686523438,95.43949890136719,54.79081344604492,186.45706176757812,128.21157836914062,309.5031433105469,15.095333099365234
2019-06-20,47.846256256103516,152.0321807861328,95.90950012207031,55.24263000488281,188.4958953857422,129.4021759033203,319.1120300292969,14.641332626342773
2019-06-21,47.683135986328125,154.53469848632812,95.56500244140625,55.762542724609375,190.0971221923828,129.4210968017578,318.8929138183594,14.790666580200195
2019-06-24,47.63516616821289,152.6516571044922,95.69499969482422,55.446414947509766,191.54916381835938,130.1864013671875,311.2158203125,14.909333229064941
2019-06-25,46.91312789916992,152.3295135498047,93.91349792480469,53.99653244018555,187.80967712402344,126.07614135742188,311.5643310546875,14.650667190551758
2019-06-26,47.927818298339844,151.2806396484375,94.8915023803711,53.67097091674805,186.6361083984375,126.54859924316406,303.7776794433594,14.618000030517578
2019-06-27,47.913429260253906,151.98268127441406,95.21399688720703,53.48258972167969,188.466064453125,126.7564697265625,309.3438720703125,14.855999946594238
2019-06-28,47.47683334350586,152.1973876953125,94.68150329589844,53.72614669799805,191.94696044921875,126.57695770263672,311.6639099121094,14.897333145141602
2019-07-01,48.347599029541016,153.906982421875,96.1094970703125,54.57311248779297,191.94696044921875,128.2021026611328,315.2087097167969,15.14466667175293
2019-07-02,48.63066101074219,154.14651489257812,96.71549987792969,55.23418045043945,193.93605041503906,129.05255126953125,314.18310546875,14.970000267028809
2019-07-03,49.033653259277344,155.74876403808594,96.94999694824219,55.74762725830078,196.12403869628906,129.8840789794922,317.0309143066406,15.65999984741211
2019-07-05,48.990478515625,153.56837463378906,97.14550018310547,56.24517059326172,195.32838439941406,129.50611877441406,305.68951416015625,15.539999961853027
2019-07-08,47.9805908203125,150.5125274658203,97.61599731445312,55.487674713134766,194.69192504882812,129.4115753173828,301.5472717285156,15.355999946594238
2019-07-09,48.273231506347656,149.97573852539062,99.41500091552734,55.90917205810547,198.1230926513672,128.93919372558594,306.6553649902344,15.337332725524902
2019-07-10,48.75060272216797,150.53732299804688,100.87049865722656,56.687042236328125,201.62388610839844,130.25259399414062,300.143310546875,15.928000450134277
2019-07-11,48.39558410644531,147.01071166992188,100.05349731445312,56.872440338134766,200.13204956054688,130.77223205566406,290.5743103027344,15.90666675567627
2019-07-12,48.76738357543945,144.4751739501953,100.55000305175781,56.90673828125,203.75221252441406,131.2446746826172,291.3111572265625,16.338666915893555
2019-07-15,49.22556686401367,145.4579620361328,101.04949951171875,57.177127838134766,202.7974395751953,131.2446746826172,296.9271240234375,16.899999618530273
2019-07-16,49.05525207519531,146.572998046875,100.49500274658203,57.338172912597656,202.7278289794922,129.52496337890625,297.0963439941406,16.825332641601562
2019-07-17,48.77938461303711,146.2343292236328,99.60150146484375,56.97880935668945,200.69895935058594,128.75965881347656,298.14190673828125,16.99066734313965
2019-07-18,49.3335075378418,148.2825469970703,98.8949966430664,56.97781753540039,199.6845245361328,128.9013671875,301.79620361328125,16.902666091918945
2019-07-19,48.59706497192383,147.33279418945312,98.22599792480469,56.171112060546875,197.27774047851562,129.09036254882812,296.83746337890625,17.211999893188477
2019-07-22,49.70771026611328,145.2680206298828,99.28150177001953,56.56725311279297,201.2161102294922,130.80056762695312,295.2542419433594,17.045333862304688
2019-07-23,50.0963249206543,145.36717224121094,99.72450256347656,56.97185516357422,201.25592041015625,131.61318969726562,307.93988037109375,17.344667434692383
2019-07-24,50.055538177490234,145.1689910888672,100.04049682617188,56.5543327331543,203.5433349609375,132.9644012451172,312.2912292480469,17.658666610717773
2019-07-25,49.65973663330078,143.79794311523438,98.69100189208984,56.271514892578125,199.61489868164062,132.46359252929688,302.12481689453125,15.254667282104492
2019-07-26,49.83245086669922,144.81378173828125,97.15249633789062,62.151065826416016,198.66012573242188,133.55026245117188,307.8601989746094,15.202667236328125
2019-07-29,50.29781723022461,145.4249725341797,95.62249755859375,61.60431671142578,194.87094116210938,133.25729370117188,304.733642578125,15.718000411987305
2019-07-30,50.081932067871094,145.7305450439453,94.92649841308594,60.8950309753418,195.9649200439453,132.61473083496094,309.8019104003906,16.150667190551758
2019-07-31,51.103816986083984,154.09693908691406,93.33899688720703,60.47452926635742,193.1702423095703,128.75965881347656,303.4591064453125,16.107332229614258
2019-08-01,49.99796676635742,153.61793518066406,92.76599884033203,60.093292236328125,191.67845153808594,130.45095825195312,308.1091613769531,15.59000015258789
2019-08-02,48.94010543823242,154.62551879882812,91.16200256347656,59.34673309326172,187.9886932373047,129.3549041748047,303.9370422363281,15.62266731262207
2019-08-05,46.378196716308594,149.9013671875,88.25650024414062,57.27554702758789,180.73846435546875,124.92338562011719,298.2912292480469,15.221332550048828
2019-08-06,47.25615310668945,152.34603881835938,89.3915023803711,58.15184020996094,183.50328063964844,127.26671600341797,298.9783020019531,15.383333206176758
2019-08-07,47.74551010131836,151.58619689941406,89.66999816894531,58.35264205932617,184.13980102539062,127.82415008544922,300.9299011230469,15.561332702636719
2019-08-08,48.7985725402832,152.9819793701172,91.64450073242188,59.8840446472168,189.12246704101562,131.23521423339844,308.5472717285156,15.886667251586914
2019-08-09,48.396446228027344,162.0834197998047,90.37899780273438,59.04950714111328,186.8250732421875,130.12026977539062,303.5885314941406,15.667332649230957
2019-08-12,48.27365493774414,169.95428466796875,89.24600219726562,58.38843536376953,184.3585968017578,128.30606079101562,294.60699462890625,15.267333030700684
2019-08-13,50.31796646118164,170.23509216308594,91.21700286865234,59.509765625,187.42178344726562,130.96121215820312,303.55865478515625,15.666666984558105
2019-08-14,48.82024002075195,165.4109344482422,88.14800262451172,57.87051010131836,178.72946166992188,127.01739501953125,292.2770080566406,14.641332626342773
2019-08-15,48.57704544067383,165.7769012451172,88.80599975585938,58.01812744140625,181.59376525878906,126.73295593261719,291.8587951660156,14.37600040435791
2019-08-16,49.723201751708984,169.6944580078125,89.62850189208984,58.532081604003906,182.69769287109375,129.0556640625,295.5828552246094,14.662667274475098
2019-08-19,50.65024948120117,171.34127807617188,90.80599975585938,59.56841278076172,185.15423583984375,131.2171630859375,297.1063232421875,15.121999740600586
2019-08-20,50.65265655517578,168.98744201660156,90.06900024414062,58.78506851196289,182.80709838867188,130.126953125,294.766357421875,15.057332992553711
2019-08-21,51.20166778564453,169.62789916992188,91.177001953125,59.21054458618164,182.5485382080078,131.57740783691406,296.5088806152344,14.722000122070312
2019-08-22,51.15831756591797,169.1953887939453,90.23300170898438,59.125057220458984,181.04676818847656,130.6199188232422,293.7606506347656,14.8100004196167
2019-08-23,48.79375457763672,165.58558654785156,87.48100280761719,57.22434997558594,176.78018188476562,126.45804595947266,285.62554931640625,14.09333324432373
2019-08-26,49.72079849243164,170.85057067871094,88.44349670410156,58.09914779663086,179.3759307861328,128.41099548339844,283.5146179199219,14.333333015441895
2019-08-27,49.15975570678711,171.7488555908203,88.09149932861328,58.046958923339844,180.31080627441406,128.6859588623047,280.2087707519531,14.272000312805176
2019-08-28,49.48963928222656,172.60556030273438,88.2125015258789,58.20501708984375,180.76828002929688,128.51527404785156,286.4122009277344,14.37266731262207
2019-08-29,50.32759094238281,172.15643310546875,89.31999969482422,59.290069580078125,184.55752563476562,130.9422607421875,289.32965087890625,14.780667304992676
2019-08-30,50.26258087158203,173.5205078125,88.81449890136719,59.05397033691406,184.65696716308594,130.69577026367188,288.8118591308594,15.040666580200195
2019-09-03,49.53059005737305,170.9420928955078,89.49199676513672,58.07429504394531,181.39486694335938,128.97030639648438,283.9029235839844,15.000666618347168
2019-09-04,50.370933532714844,171.60751342773438,90.03099822998047,58.7214469909668,186.1189422607422,130.47775268554688,285.2770080566406,14.711999893188477
2019-09-05,51.35576629638672,172.7136993408203,92.03600311279297,60.21109390258789,189.85841369628906,132.77195739746094,288.134765625,15.305333137512207
2019-09-06,51.350955963134766,172.78025817871094,91.67549896240234,59.890499114990234,186.467041015625,131.87136840820312,290.7535400390625,15.16333293914795
2019-09-09,51.570068359375,168.29708862304688,91.56749725341797,59.864654541015625,187.73011779785156,130.37339782714844,277.8090515136719,15.452667236328125
2019-09-10,52.17926788330078,163.7473907470703,91.02749633789062,59.94368362426758,185.15423583984375,129.00830078125,282.5089111328125,15.702667236328125
2019-09-11,53.83831787109375,162.89071655273438,91.14949798583984,60.64799499511719,187.46156311035156,129.0461883544922,282.1205139160156,16.47333335876465
2019-09-12,53.71791458129883,161.3603057861328,92.17749786376953,61.347843170166016,186.4471435546875,130.37339782714844,282.9669189453125,16.391332626342773
2019-09-13,52.672889709472656,162.58294677734375,91.96700286865234,61.61177062988281,186.16867065429688,130.18382263183594,280.4178466796875,16.34666633605957
2019-09-16,52.949798583984375,161.4268035888672,90.39199829101562,61.201210021972656,185.20396423339844,129.2452392578125,284.6696472167969,16.187332153320312
2019-09-17,53.142425537109375,163.6226348876953,91.12750244140625,61.0943489074707,187.05381774902344,130.2501678466797,286.8901062011719,16.319332122802734
2019-09-18,53.640872955322266,162.2252960205078,90.87300109863281,61.25638198852539,187.11349487304688,131.3214874267578,283.84320068359375,16.232667922973633
2019-09-19,53.205039978027344,162.73265075683594,91.07499694824219,61.56951904296875,189.10255432128906,133.73895263671875,284.92852783203125,16.440000534057617
2019-09-20,52.42728805541992,163.80563354492188,89.70800018310547,61.133113861083984,188.8937225341797,132.1936798095703,294.60699462890625,16.041332244873047
2019-09-23,52.665672302246094,164.48764038085938,89.26499938964844,61.3369026184082,185.80068969726562,131.90921020507812,293.4420471191406,16.082000732421875
2019-09-24,52.41523742675781,163.48123168945312,87.08049774169922,60.57791519165039,180.29090881347656,130.24070739746094,288.47332763671875,14.880666732788086
2019-09-25,53.22189712524414,163.0736846923828,88.41649627685547,61.95771789550781,181.8026123046875,132.11778259277344,285.4263916015625,15.24666690826416
2019-09-26,52.947391510009766,162.50807189941406,86.99199676513672,61.70273208618164,179.12728881835938,132.28843688964844,280.10919189453125,16.17066764831543
2019-09-27,52.68974685668945,162.14210510253906,86.27249908447266,60.89255142211914,176.1337127685547,130.57249450683594,272.2926940917969,16.142000198364258
2019-09-30,53.929805755615234,160.9526824951172,86.79550170898438,60.589847564697266,177.10836791992188,131.80499267578125,276.21588134765625,16.058000564575195
2019-10-01,54.0791015625,160.68658447265625,86.78250122070312,59.89895248413086,174.85076904296875,129.9468536376953,275.28985595703125,16.312667846679688
2019-10-02,52.72345733642578,157.3761749267578,85.6614990234375,58.48386764526367,173.64736938476562,127.65257263183594,272.9598388671875,16.208667755126953
2019-10-03,53.17131805419922,160.21246337890625,86.22100067138672,59.040550231933594,178.4012908935547,129.19789123535156,279.521728515625,15.535332679748535
2019-10-04,54.66181564331055,162.68276977539062,86.98249816894531,60.092796325683594,179.46542358398438,130.9422607421875,281.7222595214844,15.428667068481445
2019-10-07,54.67385482788086,163.9969482421875,86.63300323486328,60.02718734741211,178.69964599609375,129.99424743652344,282.5985107421875,15.847999572753906
2019-10-08,54.03335189819336,163.09030151367188,85.27549743652344,59.105167388916016,176.78018188476562,128.61959838867188,283.8830261230469,16.003332138061523
2019-10-09,54.66663360595703,163.59768676757812,86.09950256347656,59.76028060913086,178.8687286376953,131.05601501464844,289.5885314941406,16.302000045776367
2019-10-10,55.4034538269043,165.2528839111328,86.01300048828125,60.07638931274414,179.04769897460938,131.87136840820312,297.0863952636719,16.31599998474121
2019-10-11,56.8770866394043,167.01620483398438,86.59600067138672,60.41339111328125,183.18504333496094,132.42117309570312,299.486083984375,16.525999069213867
2019-10-14,56.79521942138672,168.7545623779297,86.82150268554688,60.49739074707031,182.27999877929688,132.29795837402344,304.1361999511719,17.130666732788086
2019-10-15,56.66279602050781,170.22674560546875,88.36900329589844,61.78325271606445,187.859375,134.2129364013672,302.5231018066406,17.19266700744629
2019-10-16,56.43403244018555,169.020751953125,88.87149810791016,61.81455993652344,188.5157928466797,133.1132049560547,298.1219482421875,17.316667556762695
2019-10-17,56.653160095214844,169.31182861328125,89.3740005493164,62.28327941894531,189.35121154785156,132.43063354492188,300.28271484375,17.46466636657715
2019-10-18,56.92525100708008,168.61314392089844,87.87550354003906,61.906517028808594,184.8359832763672,130.2691650390625,298.9085693359375,17.1299991607666
2019-10-21,57.91249084472656,168.787841796875,89.28299713134766,61.93932342529297,188.72462463378906,131.23614501953125,296.7179870605469,16.899999618530273
2019-10-22,57.780059814453125,170.3681640625,88.2864990234375,61.77281188964844,181.34510803222656,129.28317260742188,300.0238037109375,17.038667678833008
2019-10-23,58.555397033691406,169.11219787597656,88.1084976196289,62.5844841003418,185.13433837890625,130.10800170898438,303.71795654296875,16.978666305541992
2019-10-24,58.65171432495117,168.89599609375,89.03900146484375,62.67694091796875,185.3630828857422,132.66769409179688,304.4647521972656,19.978666305541992
2019-10-25,59.374080657958984,168.88766479492188,88.06649780273438,62.882713317871094,186.86483764648438,133.41656494140625,304.9028625488281,21.875333786010742
2019-10-28,59.96883010864258,170.5178985595703,88.85399627685547,64.1188735961914,188.36660766601562,136.69680786132812,307.24285888671875,21.847333908081055
2019-10-29,58.58189010620117,173.82826232910156,88.135498046875,62.75796127319336,188.27708435058594,135.40750122070312,309.134765625,21.08133316040039
2019-10-30,58.57467269897461,175.4002685546875,88.99949645996094,62.69184112548828,187.22286987304688,137.0950164794922,309.6724548339844,21.000667572021484
2019-10-31,59.89900207519531,177.3715362548828,88.83300018310547,62.633201599121094,190.6043243408203,135.91944885253906,304.97259521484375,20.994667053222656
2019-11-01,61.59899139404297,181.28074645996094,89.5719985961914,63.310672760009766,192.56358337402344,136.25123596191406,309.1546936035156,20.887332916259766
2019-11-04,62.0035285949707,178.3363494873047,90.23300170898438,64.18695068359375,193.6575927734375,137.03810119628906,309.7122802734375,21.1646671295166
2019-11-05,61.914424896240234,178.89364624023438,90.08550262451172,64.21977996826172,193.259765625,136.95277404785156,331.18023681640625,21.148000717163086
2019-11-06,61.9409065246582,179.99156188964844,89.78849792480469,64.20832824707031,190.5048828125,136.57354736328125,323.1048583984375,21.77199935913086
2019-11-07,62.655792236328125,181.31402587890625,89.41000366210938,65.0562973022461,189.3810577392578,136.76316833496094,324.99676513671875,22.369333267211914
2019-11-08,62.8272819519043,183.9091339111328,89.29399871826172,65.1810531616211,189.7987518310547,138.37486267089844,340.3310241699219,22.47599983215332
2019-11-11,63.32478713989258,183.56809997558594,88.5824966430664,64.57565307617188,188.5754852294922,138.51698303222656,342.8103942871094,23.006000518798828
2019-11-12,63.266807556152344,184.0754852294922,88.9000015258789,64.55625915527344,193.408935546875,139.42715454101562,346.92279052734375,23.32866668701172
2019-11-13,63.87302017211914,182.7113800048828,87.65550231933594,64.51649475097656,192.13592529296875,139.65469360351562,346.8132019042969,23.073999404907227
2019-11-14,63.43104934692383,182.94581604003906,87.7300033569336,65.1855239868164,192.09613037109375,140.36570739746094,336.945556640625,23.290000915527344
2019-11-15,64.18456268310547,184.92184448242188,86.97450256347656,66.34911346435547,194.0355224609375,142.17645263671875,343.39788818359375,23.47800064086914
2019-11-18,64.5082015991211,184.76268005371094,87.62650299072266,65.64480590820312,196.32293701171875,142.5271759033203,338.73785400390625,23.332666397094727
2019-11-19,64.31257629394531,187.96954345703125,87.6395034790039,65.38434600830078,198.23248291015625,142.5746612548828,342.9896240234375,23.968000411987305
2019-11-20,63.563880920410156,188.81515502929688,87.27649688720703,64.76751708984375,196.43235778808594,142.32728576660156,342.7705383300781,23.481332778930664
2019-11-21,63.278907775878906,190.74928283691406,86.7354965209961,64.68301391601562,196.85006713867188,142.194091796875,349.2826232910156,23.655332565307617
2019-11-22,63.22334671020508,193.19412231445312,87.28600311279297,64.38428497314453,197.7352294921875,142.29873657226562,359.1204528808594,22.202667236328125
2019-11-25,64.3319091796875,196.3758087158203,88.69200134277344,64.94844055175781,198.69992065429688,143.85879516601562,365.25421142578125,22.422666549682617
2019-11-26,63.82954788208008,196.25025939941406,89.84700012207031,65.2894058227539,197.88438415527344,144.61978149414062,362.27691650390625,21.92799949645996
2019-11-27,64.68693542480469,196.3758087158203,90.92549896240234,65.2615737915039,200.89784240722656,144.89569091796875,369.9938659667969,22.086000442504883
2019-11-29,64.54443359375,196.5265350341797,90.04000091552734,64.8624496459961,200.53982543945312,144.00149536132812,367.42486572265625,21.996000289916992
2019-12-02,63.79813003540039,195.48828125,89.08000183105469,64.1148910522461,198.61041259765625,142.26072692871094,364.5173034667969,22.32466697692871
2019-12-03,62.66061019897461,194.89381408691406,88.49800109863281,64.38130950927734,197.7352294921875,142.03237915039062,367.2356872558594,22.413333892822266
2019-12-04,63.21368408203125,195.82321166992188,88.03450012207031,65.6368408203125,197.6258087158203,142.5460662841797,368.3907165527344,22.20199966430664
2019-12-05,64.1410903930664,195.42965698242188,87.02400207519531,66.01410675048828,198.2722625732422,142.62216186523438,366.7676696777344,22.024667739868164
2019-12-06,65.38005828857422,195.73109436035156,87.58000183105469,66.6349105834961,199.9530487060547,144.35342407226562,370.6709899902344,22.392667770385742
2019-12-09,64.4647445678711,194.93568420410156,87.47550201416016,66.78104400634766,200.24147033691406,143.9824981689453,364.06927490234375,22.635332107543945
2019-12-10,64.84146881103516,195.78970336914062,86.96050262451172,66.83572387695312,199.77403259277344,143.763671875,366.1005554199219,23.256000518798828
2019-12-11,65.39453887939453,195.93202209472656,87.43599700927734,66.85360717773438,201.1564178466797,144.305908203125,371.9355163574219,23.51333236694336
2019-12-12,65.56118774414062,197.5898895263672,88.0165023803711,67.11455535888672,195.67649841308594,145.7708282470703,370.5714111328125,23.978666305541992
2019-12-13,66.45237731933594,198.21783447265625,88.0469970703125,66.99327850341797,193.0509033203125,146.9979705810547,374.8132019042969,23.892667770385742
2019-12-16,67.58991241455078,203.62664794921875,88.46050262451172,67.65634155273438,196.84010314941406,147.94924926757812,374.4049377441406,25.433332443237305
2019-12-17,67.72274017333984,203.32522583007812,89.53299713134766,67.35562133789062,197.3075714111328,147.15016174316406,367.5244445800781,25.266000747680664
2019-12-18,67.5608901977539,202.57168579101562,89.20149993896484,67.23136901855469,201.3951416015625,146.8457489013672,369.7747497558594,26.209999084472656
2019-12-19,67.6285400390625,202.48797607421875,89.61399841308594,67.40135192871094,204.93569946289062,148.12042236328125,370.9596862792969,26.93600082397461
2019-12-20,67.48847198486328,203.50942993164062,89.32499694824219,67.08074951171875,205.17440795898438,149.73757934570312,374.0166015625,27.03933334350586
2019-12-23,68.58977508544922,203.4842987060547,89.6500015258789,67.04348754882812,205.0550537109375,149.73757934570312,372.6026916503906,27.947999954223633
2019-12-24,68.65496826171875,202.89822387695312,89.46050262451172,66.78104400634766,204.00082397460938,149.7090301513672,374.9028015136719,28.350000381469727
2019-12-26,70.01710510253906,202.53819274902344,93.4384994506836,67.61805725097656,206.65625,150.93614196777344,373.2598571777344,28.729333877563477
2019-12-27,69.99053192138672,202.22840881347656,93.48999786376953,67.19507598876953,206.96458435058594,151.21200561523438,371.7264099121094,28.691999435424805
2019-12-30,70.40595245361328,201.1734619140625,92.34449768066406,66.4122314453125,203.29473876953125,149.90878295898438,372.10479736328125,27.64666748046875
2019-12-31,70.92037200927734,201.84326171875,92.39199829101562,66.45597839355469,204.13014221191406,150.01344299316406,373.8772277832031,27.8886661529541
2020-01-02,72.53849029541016,201.0310516357422,94.90049743652344,67.96450805664062,208.63540649414062,152.79110717773438,371.7563171386719,28.68400001525879
2020-01-03,71.83329010009766,199.66632080078125,93.74849700927734,67.6309814453125,207.5314483642578,150.88858032226562,367.5841979980469,29.534000396728516
2020-01-06,72.40567016601562,201.1985321044922,95.14399719238281,69.29856872558594,211.4400177001953,151.2786407470703,370.1531677246094,30.1026668548584
2020-01-07,72.06513977050781,199.30630493164062,95.34300231933594,69.25534057617188,211.8975067138672,149.89935302734375,371.5372619628906,31.270666122436523
2020-01-08,73.22441101074219,199.4569854736328,94.59850311279297,69.80109405517578,214.0457305908203,152.2869415283203,380.7876281738281,32.80933380126953
2020-01-09,74.77976989746094,200.05149841308594,95.05249786376953,70.57201385498047,217.1089324951172,154.189453125,381.8330993652344,32.089332580566406
2020-01-10,74.94881439208984,199.490478515625,94.15799713134766,71.0640869140625,216.87020874023438,153.4760284423828,379.7818908691406,31.876667022705078
2020-01-13,76.550048828125,198.36849975585938,94.56500244140625,71.5362777709961,220.69921875,155.3214874267578,377.3124694824219,34.990665435791016
2020-01-14,75.516357421875,200.9473876953125,93.47200012207031,71.12124633789062,217.86477661132812,154.22752380371094,385.9653625488281,35.861331939697266
2020-01-15,75.1927261352539,202.37075805664062,93.10099792480469,71.53478240966797,219.94334411621094,155.22633361816406,389.08203125,34.56666564941406
2020-01-16,76.13462829589844,201.36599731445312,93.89700317382812,72.15608978271484,220.55999755859375,158.07061767578125,383.92413330078125,34.232666015625
2020-01-17,76.97753143310547,202.19493103027344,93.23600006103516,73.58210754394531,220.927978515625,158.95529174804688,384.29254150390625,34.03333282470703
2020-01-21,76.45587158203125,198.93789672851562,94.5999984741211,73.78143310546875,220.23179626464844,158.38453674316406,362.1574401855469,36.47999954223633
2020-01-22,76.728759765625,198.22618103027344,94.37300109863281,73.85847473144531,220.11245727539062,157.62350463867188,357.60699462890625,37.97066879272461
2020-01-23,77.0982894897461,196.79441833496094,94.22899627685547,73.89326477050781,218.5609588623047,158.59378051757812,355.07781982421875,38.14666748046875
2020-01-24,76.87609100341797,188.88214111328125,93.08200073242188,72.90216064453125,216.75088500976562,156.99571228027344,343.8061218261719,37.654666900634766
2020-01-27,74.61553192138672,186.67173767089844,91.41699981689453,71.27135467529297,213.69764709472656,154.37017822265625,337.97113037109375,37.201332092285156
2020-01-28,76.72635650634766,188.2541961669922,92.6624984741211,72.1988296508789,216.60171508789062,157.39524841308594,342.6112365722656,37.793331146240234
2020-01-29,78.33242797851562,190.18832397460938,92.9000015258789,72.50054931640625,222.01202392578125,159.8494415283203,337.8018493652344,38.732666015625
2020-01-30,78.21891021728516,189.35101318359375,93.53399658203125,72.36186981201172,208.3867950439453,164.35842895507812,334.7449645996094,42.72066879272461
2020-01-31,74.75077819824219,180.8944854736328,100.43599700927734,71.28776550292969,200.80836486816406,161.93267822265625,336.4974670410156,43.371334075927734
2020-02-03,74.54548645019531,181.5894317626953,100.20999908447266,73.85797119140625,203.075927734375,165.8804473876953,339.66387939453125,52.0
2020-02-04,77.00652313232422,185.71722412109375,102.4834976196289,71.92596435546875,208.6851348876953,171.34066772460938,354.4803466796875,59.137332916259766
2020-02-05,77.63444519042969,194.19886779785156,101.99349975585938,71.9836196899414,208.96360778808594,171.13133239746094,370.5714111328125,48.97999954223633
2020-02-06,78.54254913330078,193.78857421875,102.5114974975586,73.3753433227539,209.69956970214844,174.6796112060547,388.18585205078125,49.930667877197266
2020-02-07,77.47493743896484,192.0135955810547,103.96399688720703,73.52445983886719,211.1715087890625,174.92689514160156,380.23992919921875,49.871334075927734
2020-02-10,77.8429183959961,190.4143829345703,106.69550323486328,74.9882583618164,211.8975067138672,179.50245666503906,384.5614013671875,51.41866683959961
2020-02-11,77.37325286865234,191.70382690429688,107.54000091552734,74.99372100830078,206.05953979492188,175.45010375976562,395.0564270019531,51.62533187866211
2020-02-12,79.210693359375,190.06272888183594,108.0,75.46491241455078,209.6100616455078,175.70693969726562,404.56561279296875,51.15266799926758
2020-02-13,78.64662170410156,188.07269287109375,107.49349975585938,75.28549194335938,211.97708129882812,174.75564575195312,397.10760498046875,53.599998474121094
2020-02-14,78.6659927368164,188.4437255859375,106.74349975585938,75.58769989013672,213.0113983154297,176.31573486328125,397.8444519042969,53.33533477783203
2020-02-18,77.22560119628906,186.9343719482422,107.78350067138672,75.53450775146484,216.61166381835938,178.10411071777344,395.9525451660156,57.22666549682617
2020-02-19,78.34403991699219,188.0052490234375,108.51100158691406,75.88343811035156,216.3033447265625,178.63827514648438,399.09906005859375,61.16133117675781
2020-02-20,77.54026794433594,187.31381225585938,107.65499877929688,75.45895385742188,213.40921020507812,175.9102325439453,397.4361877441406,59.96066665649414
2020-02-21,75.78518676757812,187.86192321777344,104.79850006103516,73.81671142578125,209.03321838378906,170.34927368164062,401.4290771484375,60.06666564941406
2020-02-24,72.18535614013672,183.7217254638672,100.4645004272461,70.65949249267578,199.62484741210938,163.00457763671875,423.564208984375,55.58599853515625
2020-02-25,69.7402572631836,177.39752197265625,98.63700103759766,69.01228332519531,195.6964111328125,160.31468200683594,440.4617919921875,53.32733154296875
2020-02-26,70.84659576416016,180.90528869628906,98.97949981689453,69.24738311767578,196.12403869628906,162.31777954101562,455.9653015136719,51.91999816894531
2020-02-27,66.21546936035156,171.5961151123047,94.21499633789062,65.51506805419922,188.71470642089844,150.8810577392578,429.7676086425781,45.266666412353516
2020-02-28,66.1767578125,168.4171600341797,94.1875,66.57079315185547,191.4198760986328,154.5343475341797,442.67230224609375,44.53266525268555
2020-03-02,72.33787536621094,178.9321746826172,97.69750213623047,69.04508209228516,195.36819458007812,164.81690979003906,462.76617431640625,49.574668884277344
2020-03-03,70.04045867919922,172.37188720703125,95.44950103759766,66.67318725585938,184.87574768066406,156.91891479492188,459.5798034667969,49.70066833496094
2020-03-04,73.28926849365234,181.38595581054688,98.79149627685547,68.91635131835938,190.71372985839844,162.68026733398438,491.3735046386719,49.96666717529297
2020-03-05,70.9119644165039,178.86468505859375,96.20149993896484,65.56229400634766,184.15968322753906,158.59771728515625,486.0862121582031,48.30266571044922
2020-03-06,69.97024536132812,177.6251983642578,95.05449676513672,64.53688049316406,180.1019287109375,154.1146240234375,492.3194274902344,46.89866638183594
2020-03-09,64.43614959716797,167.2703399658203,90.03050231933594,60.418861389160156,168.5751953125,143.66986083984375,472.414794921875,40.53333282470703
2020-03-10,69.07695770263672,174.37875366210938,94.59100341796875,63.64120864868164,177.2177734375,153.49464416503906,472.9923095703125,43.02199935913086
2020-03-11,66.6778793334961,167.50645446777344,91.04299926757812,60.41140365600586,169.31114196777344,146.541015625,462.71636962890625,42.28200149536133
2020-03-12,60.093116760253906,153.66917419433594,83.83049774169922,55.41609573364258,153.627197265625,132.64328002929688,430.0464172363281,37.369998931884766
2020-03-13,67.29276275634766,170.41561889648438,89.25,60.626129150390625,169.35092163085938,151.50103759765625,463.5627136230469,36.44133377075195
2020-03-16,58.6357536315918,159.0995330810547,84.4574966430664,53.8961296081543,145.21336364746094,129.17124938964844,438.9482116699219,29.67133331298828
2020-03-17,61.213985443115234,175.2220001220703,90.39199829101562,55.659156799316406,148.60475158691406,139.80674743652344,489.5911560058594,28.68000030517578
2020-03-18,59.7154541015625,172.759765625,91.5,54.51594924926758,146.15818786621094,133.92147827148438,482.9296875,24.08133316040039
2020-03-19,59.2579345703125,167.59921264648438,94.04650115966797,55.43498992919922,152.2945098876953,136.1248779296875,487.73907470703125,28.50933265686035
2020-03-20,55.49589920043945,158.73690795898438,92.30449676513672,53.2991828918457,148.91305541992188,131.01220703125,436.5783996582031,28.50200080871582
2020-03-23,54.31694030761719,156.7806854248047,95.1415023803711,52.51881790161133,147.29196166992188,129.70541381835938,453.6850891113281,28.952667236328125
2020-03-24,59.766300201416016,170.6179962158203,97.00499725341797,56.3878173828125,160.1016845703125,141.49513244628906,447.61114501953125,33.66666793823242
2020-03-25,59.43706130981445,162.86032104492188,94.29199981689453,54.798770904541016,155.3577117919922,140.140625,427.9454040527344,35.95000076293945
2020-03-26,62.564823150634766,167.37158203125,97.77449798583984,57.7442626953125,162.4487762451172,148.9065399169922,450.3692932128906,35.21066665649414
2020-03-27,59.97450256347656,167.18603515625,95.00499725341797,55.207340240478516,155.93450927734375,142.7923583984375,447.60113525390625,34.29066848754883
2020-03-30,61.68605422973633,175.79537963867188,98.19750213623047,57.002174377441406,165.04458618164062,152.83644104003906,470.9809265136719,33.47533416748047
2020-03-31,61.5601806640625,170.9468231201172,97.48600006103516,57.79694366455078,165.88992309570312,150.43275451660156,486.2056579589844,34.93333435058594
2020-04-01,58.32105255126953,166.79815673828125,95.38500213623047,54.954341888427734,158.7292022705078,145.09115600585938,494.52996826171875,32.104000091552734
2020-04-02,59.29423522949219,176.1326446533203,95.94149780273438,55.71084976196289,157.326904296875,148.09585571289062,496.6210021972656,30.29800033569336
2020-04-03,58.44209289550781,173.20669555664062,95.32949829101562,54.56963348388672,153.33877563476562,146.73179626464844,491.2142028808594,32.000667572021484
2020-04-06,63.54041290283203,178.4093780517578,99.87950134277344,58.995323181152344,164.64675903320312,157.6439208984375,502.117431640625,34.41600036621094
2020-04-07,62.80449676513672,176.04833984375,100.58000183105469,58.97494125366211,167.90882873535156,155.94601440429688,499.3692321777344,36.36333465576172
2020-04-08,64.4119644165039,184.82627868652344,102.1500015258789,60.15642166137695,173.3291015625,157.5103302001953,510.14306640625,36.589332580566406
2020-04-09,64.87673950195312,183.99993896484375,102.13800048828125,60.21457290649414,174.234130859375,157.51988220214844,510.7703552246094,38.20000076293945
2020-04-13,66.15011596679688,184.05055236816406,108.44349670410156,60.51826858520508,173.8363037109375,157.872802734375,514.8130493164062,43.39666748046875
2020-04-14,69.49091339111328,191.24322509765625,114.16600036621094,63.08649826049805,177.19786071777344,165.68487548828125,522.5996704101562,47.32600021362305
2020-04-15,68.85665893554688,187.02708435058594,115.38400268554688,62.75050354003906,176.00442504882812,163.9488983154297,509.5057678222656,48.65533447265625
2020-04-16,69.40377044677734,194.700439453125,120.40950012207031,62.80020523071289,175.28836059570312,168.87078857421875,537.6251831054688,49.680667877197266
2020-04-17,68.46207427978516,198.13238525390625,118.75,63.783355712890625,178.26205444335938,170.3588104248047,566.362060546875,50.259334564208984
2020-04-20,67.04100036621094,199.5068359375,119.68049621582031,62.95627975463867,177.2675018310547,166.98211669921875,565.5653686523438,49.75733184814453
2020-04-21,64.96874237060547,194.573974609375,116.40599822998047,60.45763397216797,169.8680877685547,160.07620239257812,542.1359252929688,45.781333923339844
2020-04-22,66.8400650024414,193.34288024902344,118.17449951171875,62.78728103637695,181.28546142578125,165.51321411132812,555.69775390625,48.807334899902344
2020-04-23,66.58104705810547,196.0412139892578,119.97250366210938,63.43840789794922,184.11990356445312,163.5100860595703,563.1060180664062,47.04199981689453
2020-04-24,68.50321197509766,199.23699951171875,120.51100158691406,63.5875244140625,189.03297424316406,166.4956512451172,563.7930908203125,48.34333419799805
2020-04-27,68.55162811279297,204.4228057861328,118.80000305175781,63.41703796386719,186.4769744873047,166.018798828125,545.182861328125,53.25
2020-04-28,67.44043731689453,200.4091033935547,115.7040023803711,61.319007873535156,181.91201782226562,161.97439575195312,526.353515625,51.27466583251953
2020-04-29,69.6555404663086,198.739501953125,118.635498046875,66.67765045166016,193.13047790527344,169.24278259277344,513.9467163085938,53.367332458496094
2020-04-30,71.125,201.716064453125,123.69999694824219,67.03453063964844,203.59307861328125,170.94065856933594,523.6351928710938,52.12533187866211
2020-05-01,69.97994232177734,194.7678985595703,114.302001953125,65.64031982421875,201.16641235351562,166.51478576660156,523.2567749023438,46.75466537475586
2020-05-04,70.9700698852539,194.7088623046875,115.79949951171875,65.947998046875,204.1400604248047,170.58770751953125,539.5072021484375,50.74599838256836
2020-05-05,72.03524017333984,199.30447387695312,115.88999938964844,67.15631103515625,205.94020080566406,172.41912841796875,571.918212890625,51.2140007019043
2020-05-06,72.77845764160156,199.4983673095703,117.56300354003906,66.96692657470703,207.3325653076172,174.1169891357422,551.1372680664062,52.172000885009766
2020-05-07,73.53135681152344,196.74948120117188,118.38050079345703,68.22247314453125,210.10733032226562,175.12806701660156,557.4402465820312,52.00266647338867
2020-05-08,75.28150939941406,198.0059051513672,118.98049926757812,69.00830078125,211.19140625,176.15821838378906,560.9950561523438,54.62799835205078
2020-05-11,76.46607971191406,204.68421936035156,120.44999694824219,69.74840545654297,212.01686096191406,178.1232147216797,571.6593017578125,54.08599853515625
2020-05-12,75.59221649169922,200.02120971679688,117.84750366210938,68.38053894042969,208.9536590576172,174.08837890625,555.1600341796875,53.96066665649414
2020-05-13,74.67948913574219,199.7007598876953,118.39600372314453,67.06784057617188,203.98097229003906,171.4557342529297,574.656494140625,52.73066711425781
2020-05-14,75.13829040527344,200.67044067382812,119.44249725341797,67.40583801269531,205.6815948486328,172.19972229003906,568.4231567382812,53.55533218383789
2020-05-15,74.6940689086914,203.9134063720703,120.48899841308594,68.25379180908203,209.72940063476562,174.70840454101562,574.2581176757812,53.27799987792969
2020-05-18,76.4539566040039,197.96237182617188,121.31300354003906,68.7881088256836,212.02679443359375,176.37762451171875,557.888427734375,54.242000579833984
2020-05-19,76.01214599609375,193.0725555419922,122.46649932861328,68.26844787597656,215.69668579101562,175.1566619873047,555.2197265625,53.867332458496094
2020-05-20,77.49047088623047,193.44606018066406,124.89700317382812,69.92037963867188,228.7152557373047,177.5862579345703,574.427490234375,54.37066650390625
2020-05-21,76.91273498535156,190.82284545898438,122.33699798583984,69.72554016113281,230.1275177001953,175.45321655273438,558.5853271484375,55.17333221435547
2020-05-22,77.4079360961914,192.22361755371094,121.84400177001953,70.10430145263672,233.62831115722656,175.52972412109375,567.4772338867188,54.45866775512695
2020-05-26,76.88360595703125,188.80242919921875,121.09300231933594,70.43234252929688,230.93307495117188,173.6741180419922,542.8827514648438,54.591331481933594
2020-05-27,77.21858215332031,190.84829711914062,120.51950073242188,70.47309875488281,227.8897705078125,173.9036865234375,541.6878051757812,54.68199920654297
2020-05-28,77.25257873535156,190.27105712890625,120.05500030517578,70.41793060302734,224.2298583984375,173.51145935058594,575.7418212890625,53.72066879272461
2020-05-29,77.17732238769531,194.9995880126953,122.11849975585938,71.0238265991211,223.8618927001953,175.28106689453125,610.1941528320312,55.66666793823242
2020-06-01,78.12644958496094,192.63108825683594,123.552001953125,71.16796875,230.64468383789062,174.87930297851562,596.9110107421875,59.87333297729492
2020-06-02,78.4881362915039,189.92298889160156,123.62049865722656,71.53578186035156,231.45025634765625,176.86883544921875,615.0233764648438,58.770668029785156
2020-06-03,78.92019653320312,187.6138916015625,123.91999816894531,71.3946304321289,228.9042205810547,177.2992706298828,601.7005615234375,58.86399841308594
2020-06-04,78.24053955078125,187.5120086669922,123.02999877929688,70.1917724609375,225.05532836914062,174.96542358398438,595.9850463867188,57.62533187866211
2020-06-05,80.46890258789062,191.57846069335938,124.1500015258789,71.4945297241211,229.51089477539062,179.0592803955078,594.4515991210938,59.04399871826172
2020-06-08,80.9446792602539,191.6463623046875,126.2030029296875,71.9030990600586,230.13743591308594,180.16879272460938,601.4615478515625,63.327999114990234
2020-06-09,83.50074005126953,190.9247283935547,130.04299926757812,72.37776947021484,237.36778259277344,181.54623413085938,605.9921264648438,62.711334228515625
2020-06-10,85.64901733398438,192.80934143066406,132.37249755859375,72.85941314697266,235.43836975097656,188.2800750732422,604.0006713867188,68.336669921875
2020-06-11,81.5369644165039,185.83116149902344,127.89800262451172,69.7772445678711,223.2054901123047,178.1697235107422,593.6151733398438,64.85600280761719
2020-06-12,82.24091339111328,184.9822235107422,127.2509994506836,70.24146270751953,227.3328399658203,179.57579040527344,585.8783569335938,62.35200119018555
2020-06-15,83.25800323486328,186.5782012939453,128.63400268554688,70.57301330566406,231.23146057128906,180.72361755371094,588.049072265625,66.05999755859375
2020-06-16,85.46452331542969,192.59716796875,130.7635040283203,71.70975494384766,234.36427307128906,185.1522674560547,590.369140625,65.47533416748047
2020-06-17,85.34558868408203,191.8330841064453,132.0489959716797,72.12727355957031,234.2449188232422,185.7931365966797,600.5255737304688,66.11933135986328
2020-06-18,85.37957763671875,195.52597045898438,132.69900512695312,71.37374114990234,234.65269470214844,187.78268432617188,594.8001098632812,66.9306640625
2020-06-19,84.89165496826172,202.6400146484375,133.75050354003906,71.16299438476562,237.4871368408203,186.66355895996094,641.1713256835938,66.72666931152344
2020-06-22,87.11273956298828,198.8113250732422,135.6909942626953,72.16404724121094,237.914794921875,191.84786987304688,625.7971801757812,66.28800201416016
2020-06-23,88.97212982177734,200.1356658935547,138.2205047607422,72.78782653808594,240.91830444335938,193.12957763671875,626.0760498046875,66.78533172607422
2020-06-24,87.40160369873047,197.38510131835938,136.72000122070312,71.1754150390625,232.74314880371094,189.23655700683594,602.457275390625,64.0566635131836
2020-06-25,88.5619125366211,199.5923614501953,137.72900390625,71.64065551757812,234.39410400390625,191.6278839111328,617.3135986328125,65.73200225830078
2020-06-26,85.84077453613281,197.6652374267578,134.64349365234375,67.59322357177734,214.9010467529297,187.79222106933594,608.7503051757812,63.982666015625
2020-06-29,87.81912994384766,196.57859802246094,134.0189971923828,69.33634948730469,219.4361572265625,189.81048583984375,608.2623901367188,67.29000091552734
2020-06-30,88.55219268798828,200.2290496826172,137.9409942626953,70.2628402709961,225.83108520507812,194.66001892089844,620.9878540039062,71.98733520507812
2020-07-01,88.38469696044922,216.57945251464844,143.93499755859375,71.47712707519531,236.25389099121094,195.7982635498047,606.5696411132812,74.64199829101562
2020-07-02,88.38469696044922,219.2281036376953,144.51499938964844,72.80225372314453,232.1464385986328,197.29039001464844,619.7930297851562,80.57733154296875
2020-07-06,90.74900817871094,217.5387420654297,152.8520050048828,74.34309387207031,238.96900939941406,201.537353515625,624.572509765625,91.43866729736328
2020-07-07,90.46744537353516,214.9070587158203,150.00599670410156,73.8202133178711,239.54583740234375,199.19387817382812,638.144287109375,92.65733337402344
2020-07-08,92.5744400024414,213.58270263671875,154.0554962158203,74.3580093383789,242.25099182128906,203.57473754882812,637.606689453125,91.05867004394531
2020-07-09,92.9725341796875,213.64215087890625,159.13150024414062,75.10308074951172,243.1659698486328,204.9999237060547,637.8954467773438,92.9520034790039
2020-07-10,93.13516998291016,211.41795349121094,160.0,76.6314926147461,243.7328643798828,204.37815856933594,618.209716796875,102.97666931152344
2020-07-13,92.70551300048828,212.2668914794922,155.1999969482422,75.12047576904297,237.6959686279297,198.06520080566406,613.2510375976562,99.80400085449219
2020-07-14,94.23966217041016,214.85614013671875,154.1999969482422,75.5797348022461,238.4219970703125,199.28952026367188,638.4927978515625,101.12000274658203
2020-07-15,94.88774871826172,215.0429229736328,150.44349670410156,75.23480224609375,238.96900939941406,198.9929962158203,630.0390014648438,103.06732940673828
2020-07-16,93.72017669677734,216.64735412597656,149.9949951171875,75.45149230957031,239.61544799804688,195.05218505859375,629.5113525390625,100.04266357421875
2020-07-17,93.53083038330078,219.4148712158203,148.09849548339844,75.32972717285156,240.70945739746094,194.05738830566406,641.310791015625,100.05599975585938
2020-07-20,95.50188446044922,221.52877807617188,159.8419952392578,77.82341766357422,244.08096313476562,202.39817810058594,655.400390625,109.53333282470703
2020-07-21,94.18379211425781,218.9479522705078,156.9145050048828,77.46055603027344,240.4309844970703,199.6721649169922,636.1329345703125,104.55733489990234
2020-07-22,94.44837951660156,218.1584930419922,154.99549865722656,77.96109008789062,238.5612335205078,202.5416717529297,634.8087158203125,106.15533447265625
2020-07-23,90.14945220947266,214.13450622558594,149.32749938964844,75.33619689941406,231.33091735839844,193.73216247558594,627.6194458007812,100.87133026123047
2020-07-24,89.92610931396484,210.51808166503906,150.44549560546875,75.14682006835938,229.45123291015625,192.54612731933594,606.3406982421875,94.46666717529297
2020-07-27,92.0573959350586,215.33154296875,152.760498046875,76.05789947509766,232.22598266601562,194.98519897460938,634.67919921875,102.63999938964844
2020-07-28,90.54511260986328,216.70681762695312,150.01649475097656,74.57371520996094,228.86444091796875,193.2347869873047,628.3064575195312,98.43267059326172
2020-07-29,92.28070831298828,211.2566375732422,151.67649841308594,75.65132904052734,232.0171356201172,195.18609619140625,629.4614868164062,99.94066619873047
2020-07-30,93.3973159790039,208.95603942871094,152.593994140625,76.12003326416016,233.2205352783203,195.0330810546875,628.7744750976562,99.16600036621094
2020-07-31,103.17497253417969,207.7080841064453,158.23399353027344,73.70985412597656,252.28591918945312,196.09478759765625,629.3719482421875,95.38400268554688
2020-08-03,105.77471923828125,209.99172973632812,155.59449768066406,73.28687286376953,250.5852813720703,207.12335205078125,642.4259643554688,99.0
2020-08-04,106.48112487792969,206.79127502441406,156.94149780273438,72.815673828125,248.46690368652344,204.01470947265625,645.6620483398438,99.13333129882812
2020-08-05,106.86705780029297,204.99154663085938,160.25149536132812,73.2451171875,247.76075744628906,203.67991638183594,621.8541259765625,99.00133514404297
2020-08-06,110.59557342529297,205.05946350097656,161.25,74.5617904663086,263.8326110839844,206.94163513183594,618.5582885742188,99.30533599853516
2020-08-07,108.08110046386719,204.3293914794922,158.3730010986328,74.28294372558594,266.9753723144531,203.23988342285156,617.5625610351562,96.84733581542969
2020-08-10,109.65204620361328,202.19007873535156,157.4080047607422,74.36297607421875,261.5650634765625,199.19387817382812,605.6436157226562,94.57133483886719
2020-08-11,106.39100646972656,199.2018585205078,154.0334930419922,73.5786361694336,254.73252868652344,194.53565979003906,596.3036499023438,91.6259994506836
2020-08-12,109.9268569946289,205.2037811279297,158.11199951171875,74.8858642578125,258.4720458984375,200.09300231933594,609.7360229492188,103.65066528320312
2020-08-13,111.87226867675781,204.13414001464844,158.05099487304688,75.47386932373047,259.8742980957031,199.62429809570312,608.2822875976562,108.06666564941406
2020-08-14,111.77257537841797,204.860595703125,157.4010009765625,74.9410400390625,259.8146057128906,199.81558227539062,609.9552001953125,110.04733276367188
2020-08-17,111.48075866699219,207.68075561523438,159.12049865722656,75.45051574707031,259.7350769042969,201.13563537597656,618.080322265625,122.3759994506836
2020-08-18,112.4096908569336,206.3903350830078,165.62449645996094,77.4695053100586,260.90863037109375,202.29296875,615.949462890625,125.80599975585938
2020-08-19,112.55073547363281,205.5271759033203,163.0240020751953,76.91928100585938,261.1572570800781,201.06564331054688,626.9423828125,125.23533630371094
2020-08-20,115.04820251464844,204.02301025390625,164.86849975585938,78.62017059326172,267.5422668457031,205.74473571777344,614.2567138671875,133.45533752441406
2020-08-21,120.9769058227539,203.09152221679688,164.23599243164062,78.55406188964844,265.55316162109375,204.2490234375,602.9053344726562,136.6653289794922
2020-08-24,122.4238052368164,201.32240295410156,165.3730010986328,78.94076538085938,269.90924072265625,204.89141845703125,592.2311401367188,134.27999877929688
2020-08-25,121.41949462890625,212.13333129882812,167.32449340820312,79.93585968017578,279.287841796875,207.55691528320312,607.8939819335938,134.8893280029297
2020-08-26,123.07069396972656,213.8083953857422,172.09249877929688,82.13080596923828,302.2518005371094,212.04421997070312,609.3876342773438,143.54466247558594
2020-08-27,121.59944915771484,216.0560302734375,170.0,81.23363494873047,291.6201477050781,217.2506561279297,612.3448486328125,149.25
2020-08-28,121.40247344970703,216.32093811035156,170.08999633789062,81.73464965820312,292.0577087402344,219.48468017578125,600.0377197265625,147.55999755859375
2020-08-31,125.5195083618164,216.4918975830078,172.54800415039062,81.2261734008789,291.6002502441406,216.24391174316406,617.28369140625,166.10667419433594
2020-09-01,130.519287109375,214.38955688476562,174.95599365234375,82.54484558105469,293.8280334472656,217.91229248046875,590.1500854492188,158.35000610351562
2020-09-02,127.81511688232422,220.59408569335938,176.57249450683594,85.90338134765625,300.8495178222656,222.11192321777344,607.5455322265625,149.1233367919922
2020-09-03,117.58211517333984,211.868408203125,168.39999389648438,81.60691833496094,289.5315856933594,208.35276794433594,574.935302734375,135.6666717529297
2020-09-04,117.65992736816406,212.2871551513672,164.7310028076172,79.0819320678711,281.1874084472656,205.42832946777344,577.8826293945312,139.44000244140625
2020-09-08,109.74201965332031,206.11683654785156,157.49200439453125,76.166748046875,269.6805419921875,194.31552124023438,559.4915161132812,110.06999969482422
2020-09-09,114.11925506591797,209.86862182617188,163.4304962158203,77.38799285888672,272.2265625,202.59024047851562,568.7119750976562,122.09333038330078
2020-09-10,110.39373016357422,205.65533447265625,158.7554931640625,76.14836120605469,266.6272888183594,196.91400146484375,547.7517700195312,123.77999877929688
2020-09-11,108.94441986083984,207.85171508789062,155.81100463867188,75.58670043945312,265.15533447265625,195.629150390625,542.4246826171875,124.23999786376953
2020-09-14,112.21271514892578,210.8770751953125,155.14849853515625,75.51512145996094,264.6978454589844,196.95233154296875,561.7916259765625,139.8733367919922
2020-09-15,112.38780975341797,212.24441528320312,157.80650329589844,76.61656951904297,270.93365478515625,200.18357849121094,577.4246215820312,149.9199981689453
2020-09-16,109.07084655761719,211.74021911621094,153.90499877929688,75.59564971923828,262.0821838378906,196.60716247558594,566.7205200195312,147.25332641601562
2020-09-17,107.32968139648438,212.0137176513672,150.43649291992188,74.33464050292969,253.42967224121094,194.5552520751953,562.5882568359375,141.14332580566406
2020-09-18,103.9251480102539,211.70599365234375,147.74549865722656,72.5681381225586,251.15216064453125,192.13900756835938,552.869873046875,147.38333129882812
2020-09-21,107.07676696777344,207.83462524414062,148.02349853515625,71.13516235351562,246.79605102539062,194.2004852294922,553.327880859375,149.79666137695312
2020-09-22,108.75956726074219,211.5179901123047,156.44949340820312,72.84002685546875,253.3600311279297,198.87954711914062,569.0704345703125,141.41000366210938
2020-09-23,104.1975326538086,207.32183837890625,149.9929962158203,70.34236907958984,247.66131591796875,192.33078002929688,562.7774047851562,126.78666687011719
2020-09-24,105.26752471923828,205.38185119628906,150.989501953125,70.99250030517578,248.1685333251953,194.82376098632812,555.0804443359375,129.26333618164062
2020-09-25,109.21676635742188,208.37301635742188,154.75650024414062,71.82108306884766,253.42967224121094,199.26307678222656,571.6095581054688,135.77999877929688
2020-09-28,111.82362365722656,211.11636352539062,158.70249938964844,72.79329681396484,255.41876220703125,200.81639099121094,569.4786376953125,140.39999389648438
2020-09-29,110.97736358642578,212.20172119140625,157.24400329589844,73.03238677978516,260.3616638183594,198.7261199951172,571.1614379882812,139.69000244140625
2020-09-30,112.65043640136719,217.2097625732422,157.43649291992188,73.04581451416016,260.4710693359375,201.66976928710938,557.3905029296875,143.00332641601562
2020-10-01,113.60370635986328,218.26095581054688,161.06300354003906,74.06424713134766,265.1752014160156,203.7120361328125,565.71484375,149.3866729736328
2020-10-02,109.93655395507812,209.73184204101562,156.25,72.4901123046875,258.521728515625,197.70018005371094,562.3890380859375,138.3633270263672
2020-10-05,113.32162475585938,218.79083251953125,159.9600067138672,73.86195373535156,263.2060241699219,201.71771240234375,602.4971313476562,141.89332580566406
2020-10-06,110.07273864746094,215.9534912109375,154.9980010986328,72.24258422851562,257.24871826171875,197.43173217773438,579.1571655273438,137.9933319091797
2020-10-07,111.94036865234375,220.2095184326172,159.7845001220703,72.58306121826172,256.711669921875,201.19033813476562,589.164306640625,141.76666259765625
2020-10-08,111.83336639404297,205.18528747558594,159.52749633789062,73.85747528076172,262.3209228515625,201.90948486328125,597.3193359375,141.97332763671875
2020-10-09,113.77880096435547,202.2881622314453,164.33250427246094,75.31332397460938,263.00714111328125,206.9241180419922,599.5,144.6666717529297
2020-10-12,121.00609588623047,204.68960571289062,172.14649963378906,77.99388885498047,274.2455139160156,212.283935546875,598.982177734375,147.43333435058594
2020-10-13,117.79611206054688,204.54432678222656,172.18150329589844,78.11964416503906,274.63336181640625,213.683837890625,605.384765625,148.88333129882812
2020-10-14,117.88365936279297,203.1000213623047,168.1855010986328,77.94070434570312,270.3369140625,211.7661895751953,598.2553100585938,153.76666259765625
2020-10-15,117.41676330566406,200.84384155273438,166.9324951171875,77.495849609375,265.2647399902344,210.6156005859375,582.6820678710938,149.6266632080078
2020-10-16,115.77285766601562,201.45062255859375,163.635498046875,78.18575286865234,264.47906494140625,210.6156005859375,597.179931640625,146.55667114257812
2020-10-19,112.81580352783203,197.16897583007812,160.36050415039062,76.277099609375,259.9737243652344,205.39959716796875,580.6508178710938,143.61000061035156
2020-10-20,114.3040771484375,197.50228881835938,160.85049438476562,77.33679962158203,266.1001281738281,205.81187438964844,574.1685180664062,140.64666748046875
2020-10-21,113.6815414428711,195.68194580078125,159.2469940185547,79.19474792480469,277.209228515625,205.9556884765625,569.9566650390625,140.8800048828125
2020-10-22,112.59208679199219,194.8358612060547,158.82000732421875,80.28925323486328,276.6025390625,206.0419921875,573.2723388671875,141.92999267578125
2020-10-23,111.90147399902344,194.13507080078125,160.22000122070312,81.5651626586914,283.2361755371094,207.32679748535156,577.3350219726562,140.2100067138672
2020-10-26,111.91120147705078,192.19512939453125,160.3520050048828,79.05260467529297,275.5979919433594,201.43003845214844,583.2396240234375,140.0933380126953
2020-10-27,113.41889953613281,190.9730224609375,164.31649780273438,79.73902130126953,281.74432373046875,204.46954345703125,580.033447265625,141.55999755859375
2020-10-28,108.16621398925781,184.9222869873047,158.13900756835938,75.38291931152344,266.2095642089844,194.33474731445312,564.6194458007812,135.33999633789062
2020-10-29,112.17382049560547,186.15293884277344,160.55050659179688,77.8989486694336,279.2976989746094,196.29074096679688,553.41748046875,136.94332885742188
2020-10-30,105.89005279541016,185.40086364746094,151.8074951171875,80.57157135009766,261.6744079589844,194.13339233398438,541.23974609375,129.34666442871094
2020-11-02,105.8025131225586,188.1954803466797,150.2239990234375,80.82109069824219,259.9339599609375,193.99916076660156,546.23828125,133.50332641601562
2020-11-03,107.42694854736328,188.0673065185547,152.42050170898438,82.02293395996094,263.85247802734375,197.93032836914062,554.8115234375,141.3000030517578
2020-11-04,111.81392669677734,196.84423828125,162.05799865722656,86.93971252441406,285.8120422363281,207.48023986816406,584.6336669921875,140.32666015625
2020-11-05,115.78258514404297,198.24578857421875,166.10000610351562,87.64751434326172,293.07220458984375,214.09616088867188,586.2965698242188,146.02999877929688
2020-11-06,115.65106964111328,197.98939514160156,165.56849670410156,87.5669937133789,291.80914306640625,214.50840759277344,575.5626220703125,143.31666564941406
2020-11-09,113.34172821044922,200.83529663085938,157.18699645996094,87.6291275024414,277.2489929199219,209.39785766601562,565.1273193359375,140.4199981689453
2020-11-10,113.00070190429688,206.4757537841797,151.75100708007812,86.50530242919922,270.94354248046875,202.3217315673828,556.8328247070312,136.7866668701172
2020-11-11,116.43057250976562,205.6980743408203,156.8695068359375,87.1176528930664,274.97149658203125,207.63363647460938,565.3065795898438,139.0433349609375
2020-11-12,116.1577377319336,202.66419982910156,155.51400756835938,86.97500610351562,273.5791015625,206.56936645507812,554.4033203125,137.25332641601562
2020-11-13,116.20645904541016,204.2301483154297,156.4405059814453,88.32597351074219,275.4389343261719,207.59527587890625,564.0120849609375,136.1666717529297
2020-11-16,117.21983337402344,203.6278533935547,156.55299377441406,88.54269409179688,277.4379577636719,208.28564453125,556.902587890625,136.02999877929688
2020-11-17,116.33314514160156,199.9968719482422,156.7830047607422,87.98451232910156,273.4995422363281,205.6296844482422,535.8528442382812,147.20333862304688
2020-11-18,115.00796508789062,195.97006225585938,155.2729949951172,86.8228988647461,270.4860534667969,202.91873168945312,516.8244018554688,162.2133331298828
2020-11-19,115.60233306884766,193.3113555908203,155.8509979248047,87.67485046386719,271.4508056640625,204.20689392089844,512.5128784179688,166.42333984375
2020-11-20,114.33560943603516,192.02072143554688,154.97000122070312,86.59476470947266,268.22845458984375,202.2554168701172,516.5256958007812,163.20333862304688
2020-11-23,110.93498992919922,191.20333862304688,154.91949462890625,86.23043060302734,266.9654235839844,201.98622131347656,521.3748779296875,173.9499969482422
2020-11-24,112.22119140625,189.68899536132812,155.9029998779297,87.92137908935547,275.40911865234375,205.5912628173828,503.93963623046875,185.1266632080078
2020-11-25,113.05916595458984,189.55990600585938,159.2534942626953,88.0481185913086,274.08636474609375,205.60084533691406,506.14019775390625,191.3333282470703
2020-11-27,113.6048355102539,193.43179321289062,159.76699829101562,89.12969207763672,276.2942199707031,206.9083251953125,511.85565185546875,195.25332641601562
2020-11-30,116.0018310546875,191.04843139648438,158.40199279785156,87.51679229736328,275.45880126953125,205.7931365966797,513.8272705078125,189.1999969482422
2020-12-01,119.57787322998047,193.6641387939453,161.00399780273438,89.37374877929688,284.9865417480469,207.8503875732422,511.8756103515625,194.9199981689453
2020-12-02,119.92864990234375,194.93756103515625,160.17649841308594,90.85743713378906,285.95123291015625,207.04286193847656,502.9737548828125,189.60667419433594
2020-12-03,119.79222106933594,195.23870849609375,159.3365020751953,90.79878234863281,280.31219482421875,205.95655822753906,496.7106018066406,197.7933349609375
2020-12-04,119.1198959350586,197.21768188476562,158.12899780273438,90.85941314697266,278.1739196777344,206.0719451904297,490.347900390625,199.67999267578125
2020-12-07,120.58149719238281,194.84295654296875,157.89999389648438,90.43643188476562,284.0218200683594,206.00462341308594,493.2952880859375,213.9199981689453
2020-12-08,121.19536590576172,196.9853515625,158.864501953125,90.39021301269531,281.8537292480469,207.65809631347656,495.01788330078125,216.6266632080078
2020-12-09,118.66194152832031,197.76837158203125,155.2100067138672,88.67937469482422,276.40362548828125,203.61090087890625,486.5541687011719,201.4933319091797
2020-12-10,120.08456420898438,196.31427001953125,155.07449340820312,88.24197387695312,275.60797119140625,202.38040161132812,476.9354248046875,209.02333068847656
2020-12-11,119.27581024169922,195.66029357910156,155.8209991455078,88.56207275390625,272.0574951171875,205.01443481445312,477.7220153808594,203.3300018310547
2020-12-14,118.66194152832031,197.4328155517578,157.84849548339844,87.48298645019531,272.6939697265625,205.9180908203125,498.24407958984375,213.27667236328125
2020-12-15,124.60574340820312,198.3534393310547,158.25599670410156,87.86620330810547,274.04656982421875,205.85081481933594,489.69073486328125,211.0833282470703
2020-12-16,124.53754425048828,196.55517578125,162.04800415039062,87.6291275024414,274.1659240722656,210.8016815185547,484.4930114746094,207.58999633789062
2020-12-17,125.4047622680664,198.96434020996094,161.8040008544922,86.87857818603516,272.9823913574219,210.93630981445312,494.0918273925781,218.63333129882812
2020-12-18,123.4169921875,196.59817504882812,160.08250427246094,86.0390625,274.8918762207031,210.1383514404297,496.76043701171875,231.6666717529297
2020-12-21,124.94677734375,195.58285522460938,160.3090057373047,86.45459747314453,271.3016662597656,213.9836883544922,494.6195983886719,216.6199951171875
2020-12-22,128.5033416748047,190.14501953125,160.3260040283203,85.66580200195312,265.6327209472656,215.28152465820312,487.9681091308594,213.44667053222656
2020-12-23,127.60689544677734,191.8227996826172,159.2635040283203,86.10717010498047,266.6471252441406,212.4744110107422,490.0890197753906,215.32666015625
2020-12-24,128.59103393554688,191.81423950195312,158.63450622558594,86.42875671386719,265.9410400390625,214.1374969482422,486.8429260253906,220.58999633789062
2020-12-28,133.190185546875,192.43373107910156,164.197998046875,88.27975463867188,275.4886779785156,216.26210021972656,480.8984069824219,221.22999572753906
2020-12-29,131.41680908203125,195.20428466796875,166.10000610351562,87.4163818359375,275.2698669433594,215.48336791992188,482.1530456542969,221.99667358398438
2020-12-30,130.2962646484375,195.4624481201172,164.29249572753906,86.4620590209961,270.38665771484375,213.10885620117188,476.2582702636719,231.5933380126953
